genre|_indie,genre|alt_z,genre|art_pop,genre|atl_hip_hop,genre|baroque_pop,genre|bedroom_pop,genre|brooklyn_indie,genre|canadian_shoegaze,genre|chamber_pop,genre|classic_pakistani_pop,genre|desi_emo_rap,genre|desi_hip_hop,genre|desi_pop,genre|electropop,genre|hip_hop,genre|indie_pop,genre|indie_rock,genre|indietronica,genre|la_pop,genre|modern_dream_pop,genre|modern_indie_folk,genre|neo,genre|norwegian_indie,genre|ontario_indie,genre|pakistani_electronic,genre|pakistani_hip_hop,genre|pakistani_indie,genre|pakistani_pop,genre|pakistani_rock,genre|pov,genre|rap,genre|singer,genre|songwriter,genre|speed_up_turkce,genre|sufi,genre|swedish_electropop,genre|swedish_indie_pop,genre|swedish_pop,genre|synthpop,genre|unknown,genre|urdu_hip_hop,genre|vapor_soul,danceability,energy,loudness,speechiness,acousticness,instrumentalness,liveness,valence,tempo,artist_pop,artist_pop,track_pop,subject|high,subject|low,polar|Negative,polar|Neutral,polar|Positive,key|0,key|1,key|2,key|3,key|4,key|5,key|6,key|7,key|8,key|9,key|10,key|11,mode|0,mode|1,id
0.0,0.0,0.0,0.0,0.0,0.0,0.0,0.0,0.0,0.0,0.0,0.0,0.0,0.0,0.0,0.0,0.0,0.0,0.0,0.0,0.0,0.0,0.0,0.0,0.0,0.0,0.0,0.6424859028329886,0.0,0.0,0.0,0.0,0.0,0.0,0.0,0.0,0.0,0.0,0.0,0.0,0.7662975040158224,0.0,0.1477124183006536,0.12581957406078012,0.13197772080275838,0.2,0.06309833900728123,1.207586933614331e-06,0.02781456953642384,0.05557101302643228,0.1085057542575302,0.07575757575757577,0.07575757575757577,0.08095238095238096,0.0,0.3,0.0,0.5,0.0,0.0,0.0,0.0,0.0,0.0,0.0,0.0,0.0,0.5,0.0,0.0,0.0,0.0,0.5,1Uv0J1t3syWBWi0LZ1JH1D
0.0,0.0,0.0,0.0,0.0,0.0,0.0,0.0,0.0,0.0,0.0,0.0,0.0,0.0,0.0,0.0,0.0,0.0,0.0,0.0,0.0,0.0,0.0,0.0,0.0,0.0,0.0,0.0,0.0,0.0,0.0,0.0,0.0,0.0,0.0,0.0,0.0,0.0,0.0,1.0,0.0,0.0,0.0,0.0384781048097631,0.10537529838210591,0.004496165035704841,0.1931347249649669,0.14120126448893575,0.026901118976935368,0.009029973441254589,0.14399137636876885,0.09696969696969698,0.09696969696969698,0.13333333333333333,0.0,0.3,0.0,0.5,0.0,0.0,0.0,0.0,0.5,0.0,0.0,0.0,0.0,0.0,0.0,0.0,0.0,0.5,0.0,6N7NO9Z1Hi6la8dqG3Aoew
0.0,0.0,0.0,0.0,0.0,0.0,0.0,0.0,0.0,0.0,0.6874985354537559,0.0,0.0,0.0,0.0,0.0,0.0,0.0,0.0,0.0,0.0,0.0,0.0,0.0,0.0,0.5355330731054226,0.0,0.0,0.0,0.0,0.0,0.0,0.0,0.0,0.0,0.0,0.0,0.0,0.0,0.0,0.49045906185858423,0.0,0.2,0.13371620004785834,0.16366369021306695,0.06564400952129067,0.0675405757946556,3.940990516332982e-06,0.02598766841744691,0.05506513216137601,0.032492167385302605,0.06363636363636364,0.06363636363636364,0.07857142857142857,0.0,0.3,0.0,0.5,0.0,0.0,0.5,0.0,0.0,0.0,0.0,0.0,0.0,0.0,0.0,0.0,0.0,0.0,0.5,5vBwiTXIme6RUMdHR0tvuC
0.32460584833726114,0.0,0.0,0.0,0.0,0.5622988845926542,0.0,0.0,0.0,0.0,0.0,0.0,0.0,0.0,0.0,0.3961085901898719,0.0,0.0,0.0,0.0,0.0,0.0,0.5622988845926542,0.0,0.0,0.0,0.0,0.0,0.0,0.32460584833726114,0.0,0.0,0.0,0.0,0.0,0.0,0.0,0.0,0.0,0.0,0.0,0.0,0.10143790849673205,0.13921990906915532,0.17368932897179737,0.019359957683152604,0.04694475068955631,1.6332982086406745e-06,0.022333866179493036,0.07580624762868346,0.13484505382014464,0.16060606060606064,0.16060606060606064,0.17857142857142858,0.0,0.3,0.0,0.0,0.5,0.0,0.0,0.0,0.0,0.0,0.5,0.0,0.0,0.0,0.0,0.0,0.0,0.5,0.0,36FZL9SzRh5BhtG1cUyGWr
0.0,0.0,0.0,0.0,0.0,0.0,0.0,0.0,0.0,0.0,0.0,0.0,1.0,0.0,0.0,0.0,0.0,0.0,0.0,0.0,0.0,0.0,0.0,0.0,0.0,0.0,0.0,0.0,0.0,0.0,0.0,0.0,0.0,0.0,0.0,0.0,0.0,0.0,0.0,0.0,0.0,0.0,0.07973856209150328,0.10356544627901412,0.17383962514366547,0.0035969320285638706,0.13619332614498655,1.5321390937829294e-06,0.03740580041105275,0.031035791071202745,0.19090330986133952,0.14545454545454548,0.14545454545454548,0.15000000000000002,0.0,0.3,0.0,0.5,0.0,0.0,0.0,0.0,0.0,0.0,0.0,0.5,0.0,0.0,0.0,0.0,0.0,0.0,0.5,5NwOSRnBI7c6teq6qhSFmG
0.0,0.0,0.0,0.0,0.0,0.0,0.0,0.0,0.0,0.0,0.0,0.0,0.0,0.0,0.0,0.0,0.0,0.0,0.0,0.0,0.0,0.0,0.0,0.0,0.0,0.0,0.0,0.0,0.0,0.0,0.0,0.0,0.0,0.0,0.0,0.0,0.0,0.0,0.0,1.0,0.0,0.0,0.15032679738562094,0.08777219430485764,0.11425161347360978,0.0015339857180640044,0.09661703476656046,0.03371970495258166,0.03603562457182006,0.035082837991652974,0.035608152123336546,0.08787878787878789,0.08787878787878789,0.1261904761904762,0.0,0.3,0.0,0.5,0.0,0.0,0.5,0.0,0.0,0.0,0.0,0.0,0.0,0.0,0.0,0.0,0.0,0.5,0.0,0DwxNhEatnqf4yp8WhO7em
0.7071067811865475,0.0,0.0,0.0,0.0,0.0,0.0,0.0,0.0,0.0,0.0,0.0,0.0,0.0,0.0,0.0,0.0,0.0,0.0,0.0,0.0,0.0,0.0,0.0,0.0,0.0,0.0,0.0,0.0,0.7071067811865475,0.0,0.0,0.0,0.0,0.0,0.0,0.0,0.0,0.0,0.0,0.0,0.0,0.08444444444444446,0.14424503469729602,0.16957828662364072,0.007352552234858503,0.005652140552371953,1.1169652265542678e-06,0.12783740580041109,0.078588592386493,0.1470360145174799,0.2,0.2,0.2,0.0,0.3,0.0,0.5,0.0,0.0,0.0,0.0,0.0,0.0,0.0,0.5,0.0,0.0,0.0,0.0,0.0,0.0,0.5,2l7UudWZ44l1WbHx6ANod9
0.0,0.0,0.0,0.0,0.0,0.0,0.0,0.7071067811865476,0.0,0.0,0.0,0.0,0.0,0.0,0.0,0.0,0.0,0.0,0.0,0.0,0.0,0.0,0.0,0.7071067811865476,0.0,0.0,0.0,0.0,0.0,0.0,0.0,0.0,0.0,0.0,0.0,0.0,0.0,0.0,0.0,0.0,0.0,0.0,0.06248366013071896,0.08011486001435751,0.13579701175846523,0.0026448029621793188,0.09136711856329986,0.00015511064278187566,0.1269239552409226,0.045200455292778566,0.13191984365790863,0.006060606060606067,0.006060606060606067,0.08095238095238096,0.0,0.3,0.0,0.5,0.0,0.0,0.0,0.5,0.0,0.0,0.0,0.0,0.0,0.0,0.0,0.0,0.0,0.0,0.5,7qRMiZxKOdihhkdlJthqxP
0.0,0.0,0.0,0.0,0.0,0.0,0.0,0.0,0.0,0.0,0.0,0.0,0.0,0.0,0.0,0.0,0.0,0.0,0.0,0.0,0.0,0.0,0.0,0.0,0.0,0.0,1.0,0.0,0.0,0.0,0.0,0.0,0.0,0.0,0.0,0.0,0.0,0.0,0.0,0.0,0.0,0.0,0.12235294117647058,0.08466140224934196,0.11634691892847673,0.0154985453583708,0.03180076164168918,0.0,0.03466544873258736,0.03255343366637158,0.141134410770233,0.0,0.0,0.09047619047619047,0.0,0.3,0.0,0.5,0.0,0.5,0.0,0.0,0.0,0.0,0.0,0.0,0.0,0.0,0.0,0.0,0.0,0.5,0.0,0vKEVmVD7ed0WSx4QSxNgO
0.0,0.0,0.0,0.0,0.0,0.0,0.0,0.0,0.0,0.0,0.0,0.0,0.0,0.0,0.0,0.0,0.0,0.0,0.0,0.0,0.0,0.0,0.0,0.0,0.0,0.0,0.6796812719995547,0.0,0.0,0.0,0.0,0.0,0.0,0.0,0.0,0.0,0.0,0.0,0.0,0.0,0.7335075790290563,0.0,0.15869281045751635,0.11768365637712373,0.13255238263637167,0.048188309970907166,0.0008989471898813922,0.00019978925184404637,0.022333866179493036,0.14814721133173142,0.04653193535378604,0.11818181818181822,0.11818181818181822,0.13333333333333333,0.0,0.3,0.0,0.5,0.0,0.0,0.0,0.0,0.0,0.0,0.0,0.0,0.0,0.0,0.0,0.5,0.0,0.5,0.0,3v2vP8uet5H9VFbrvXPQWX
0.0,0.0,0.0,0.0,0.0,0.0,0.0,0.0,0.0,0.0,0.0,0.0,0.0,0.0,0.0,0.0,0.0,0.0,0.0,0.0,0.0,0.0,0.0,0.0,0.0,0.0,1.0,0.0,0.0,0.0,0.0,0.0,0.0,0.0,0.0,0.0,0.0,0.0,0.0,0.0,0.0,0.0,0.138562091503268,0.09901890404402969,0.14353284413402884,0.02591906902935731,0.1226646959288919,0.0,0.022333866179493036,0.09654736309599093,0.11010639947885972,0.057575757575757586,0.057575757575757586,0.08571428571428572,0.0,0.3,0.0,0.5,0.0,0.5,0.0,0.0,0.0,0.0,0.0,0.0,0.0,0.0,0.0,0.0,0.0,0.5,0.0,5EBCRL7xDZztH4WV5RL5N4
0.0,0.0,0.0,0.0,0.0,0.0,0.0,0.0,0.0,0.0,0.0,0.0,0.0,0.0,0.0,0.0,0.0,0.0,0.0,0.0,0.0,0.0,0.0,0.0,0.8581992998550692,0.0,0.0,0.5133166291172234,0.0,0.0,0.0,0.0,0.0,0.0,0.0,0.0,0.0,0.0,0.0,0.0,0.0,0.0,0.11607843137254902,0.08968652787748266,0.13005039342233224,0.0022216344882306257,0.0849056832362099,0.1903055848261328,0.03466544873258736,0.019400531174908312,0.11629338958339797,0.10909090909090909,0.10909090909090909,0.10714285714285715,0.0,0.3,0.0,0.5,0.0,0.5,0.0,0.0,0.0,0.0,0.0,0.0,0.0,0.0,0.0,0.0,0.0,0.5,0.0,3yqoD9SYDfwvNEdU2NEpFx
0.0,0.0,0.0,0.0,0.0,0.0,0.0,0.0,0.0,0.0,0.0,0.0,0.0,0.0,0.0,0.0,0.0,0.0,0.0,0.0,0.0,0.0,0.0,0.0,0.0,0.7931487035169249,0.0,0.6090280240755929,0.0,0.0,0.0,0.0,0.0,0.0,0.0,0.0,0.0,0.0,0.0,0.0,0.0,0.0,0.12261437908496733,0.12103374012921753,0.15249756873839626,0.014176143877281142,0.1606256284755455,0.10874604847207588,0.013793103448275862,0.08794738839003416,0.0355647237646183,0.0787878787878788,0.0787878787878788,0.09047619047619047,0.0,0.3,0.0,0.5,0.0,0.0,0.0,0.5,0.0,0.0,0.0,0.0,0.0,0.0,0.0,0.0,0.0,0.5,0.0,2nm8qZvJwIsudW5eKS6pUB
0.0,0.0,0.0,0.0,0.0,0.0,0.0,0.0,0.0,0.0,0.0,0.0,0.0,0.0,0.0,0.0,0.0,0.0,0.0,0.0,0.0,0.0,0.0,0.0,0.0,0.0,1.0,0.0,0.0,0.0,0.0,0.0,0.0,0.0,0.0,0.0,0.0,0.0,0.0,0.0,0.0,0.0,0.06614379084967321,0.0,0.0,0.01031473155249934,0.2,0.016396206533192834,0.024617492578214207,0.04772985961805996,0.03093960356112542,0.024242424242424246,0.024242424242424246,0.03571428571428571,0.0,0.3,0.0,0.5,0.0,0.0,0.0,0.0,0.0,0.0,0.0,0.0,0.0,0.0,0.0,0.0,0.5,0.0,0.5,0Qdk23RC0vqmRAKofy4fOW
0.0,0.0,0.0,0.0,0.0,0.0,0.0,0.0,0.0,0.0,0.0,0.0,0.0,0.0,0.0,0.0,0.0,0.0,0.0,0.0,0.0,0.0,0.0,0.0,0.0,0.0,1.0,0.0,0.0,0.0,0.0,0.0,0.0,0.0,0.0,0.0,0.0,0.0,0.0,0.0,0.0,0.0,0.013594771241830068,0.06145010768126346,0.12042259747148794,0.004231684739486908,0.19818272131425593,0.00016880927291886198,0.017264215574332036,0.016112305552042492,0.15212178552594846,0.024242424242424246,0.024242424242424246,0.0380952380952381,0.0,0.3,0.0,0.5,0.0,0.0,0.5,0.0,0.0,0.0,0.0,0.0,0.0,0.0,0.0,0.0,0.0,0.0,0.5,2FxikwNzvmHEIGCFn9e6kV
0.0,0.0,0.0,0.0,0.0,0.0,0.0,0.0,0.0,0.0,0.0,0.0,0.0,0.0,0.0,0.0,0.0,0.0,0.0,0.0,0.0,0.0,0.0,0.0,0.0,0.0,1.0,0.0,0.0,0.0,0.0,0.0,0.0,0.0,0.0,0.0,0.0,0.0,0.0,0.0,0.0,0.0,0.016470588235294122,0.01349605168700646,0.007841923790999905,0.005606982279820153,0.17496193810752636,0.2,0.03146837177437772,0.04342987226508158,0.10511368923907316,0.024242424242424246,0.024242424242424246,0.052380952380952375,0.0,0.3,0.0,0.5,0.0,0.0,0.0,0.0,0.0,0.0,0.0,0.0,0.0,0.0,0.0,0.5,0.0,0.0,0.5,2acU3Vc0EIiqToLy06O6Z7
0.0,0.0,0.0,0.0,0.0,0.0,0.0,0.0,0.0,0.0,0.0,0.0,0.0,0.0,0.0,0.0,0.0,0.0,0.0,0.0,0.0,0.0,0.0,0.0,0.0,0.0,1.0,0.0,0.0,0.0,0.0,0.0,0.0,0.0,0.0,0.0,0.0,0.0,0.0,0.0,0.0,0.0,0.12392156862745099,0.1016511127063891,0.12028998320219259,0.01592171383231949,0.09217479797918611,0.00016206533192834565,0.053847910481845174,0.008524092576198308,0.038721034835747764,0.01515151515151515,0.01515151515151515,0.05714285714285714,0.0,0.3,0.0,0.5,0.0,0.0,0.0,0.0,0.0,0.0,0.0,0.0,0.0,0.5,0.0,0.0,0.0,0.0,0.5,1lnvZbdqcmybMQD5LIWxNB
0.0,0.0,0.0,0.0,0.0,0.0,0.0,0.0,0.0,0.0,0.0,0.0,0.0,0.0,0.0,0.0,0.0,0.0,0.0,0.0,0.0,0.0,0.0,0.0,0.0,0.0,1.0,0.0,0.0,0.0,0.0,0.0,0.0,0.0,0.0,0.0,0.0,0.0,0.0,0.0,0.0,0.0,0.04915032679738563,0.055946398659966506,0.13270267880823977,0.000952129066384555,0.17859649547901446,1.635405690200211e-05,0.13423155971683032,0.019906412039964592,0.10693612929242802,0.024242424242424246,0.024242424242424246,0.05952380952380953,0.0,0.3,0.0,0.5,0.0,0.0,0.5,0.0,0.0,0.0,0.0,0.0,0.0,0.0,0.0,0.0,0.0,0.0,0.5,4CUoUbyhYYuITBTVr7vxfA
0.0,0.0,0.0,0.0,0.0,0.0,0.0,0.0,0.0,0.0,0.0,0.0,0.0,0.0,0.0,0.0,0.0,0.0,0.0,0.0,0.0,0.0,0.0,0.0,0.0,0.0,1.0,0.0,0.0,0.0,0.0,0.0,0.0,0.0,0.0,0.0,0.0,0.0,0.0,0.0,0.0,0.0,0.1304575163398693,0.02555635319454416,0.09162761913181859,0.003385347791589527,0.17112546088206668,0.0,0.015939712263073762,0.04975338307828508,0.05394732760492602,0.024242424242424246,0.024242424242424246,0.06904761904761905,0.0,0.3,0.0,0.5,0.0,0.0,0.0,0.0,0.0,0.0,0.0,0.0,0.0,0.5,0.0,0.0,0.0,0.0,0.5,1FWjCuVn0NslGCQdFXqCyH
0.0,0.0,0.0,0.0,0.0,0.0,0.0,0.0,0.0,0.0,0.0,0.0,0.0,0.0,0.0,0.0,0.0,0.0,0.0,0.0,0.0,0.0,0.0,0.0,0.0,0.7931487035169249,0.0,0.6090280240755929,0.0,0.0,0.0,0.0,0.0,0.0,0.0,0.0,0.0,0.0,0.0,0.0,0.0,0.0,0.16470588235294117,0.120076573342905,0.15892494032357884,0.08204178788680243,0.14184708205619023,0.0,0.031011646494633484,0.14890603262931584,0.02787014920743245,0.0787878787878788,0.0787878787878788,0.11666666666666665,0.0,0.3,0.0,0.5,0.0,0.0,0.0,0.0,0.0,0.0,0.0,0.5,0.0,0.0,0.0,0.0,0.0,0.5,0.0,4T4zLKjpso1xQAq0osYzV3
0.0,0.0,0.0,0.0,0.0,0.0,0.0,0.0,0.0,0.0,0.0,0.0,0.0,0.0,0.0,0.0,0.0,0.0,0.0,0.0,0.0,0.0,0.0,0.0,0.0,0.0,0.0,0.0,0.0,0.0,0.0,0.0,0.0,0.0,0.0,0.0,0.0,0.0,0.0,1.0,0.0,0.0,0.09359477124183008,0.07724335965541995,0.13159755989744498,0.18307326104205235,0.09479975608081641,0.0,0.06800639415391642,0.10362969520677881,0.002644476843378718,0.0787878787878788,0.0787878787878788,0.13333333333333333,0.0,0.3,0.0,0.5,0.0,0.5,0.0,0.0,0.0,0.0,0.0,0.0,0.0,0.0,0.0,0.0,0.0,0.0,0.5,4LIQacKPUjto8rVlVuY09O
0.0,0.0,0.0,0.0,0.0,0.0,0.0,0.0,0.0,0.0,0.0,0.0,0.0,0.0,0.0,0.0,0.0,0.0,0.0,0.0,0.0,0.0,0.0,0.0,0.0,0.0,0.0,0.0,0.0,0.0,0.0,0.0,0.0,0.0,0.0,0.0,0.0,0.0,0.0,1.0,0.0,0.0,0.05647058823529412,0.11409428092845181,0.16414994253381665,0.0017984660142819353,0.13356836804335623,0.005437302423603794,0.02005023978077186,0.023700518527886686,0.08873189192542733,0.10606060606060606,0.10606060606060606,0.15476190476190477,0.0,0.3,0.0,0.5,0.0,0.0,0.0,0.0,0.0,0.0,0.0,0.0,0.0,0.5,0.0,0.0,0.0,0.5,0.0,5FCMqNc9fodjQRIXbG7Ld1
0.39254138649407283,0.0,0.0,0.0,0.0,0.0,0.0,0.0,0.0,0.0,0.0,0.0,0.0,0.0,0.0,0.4790086684876787,0.0,0.0,0.6799803050767596,0.0,0.0,0.0,0.0,0.0,0.0,0.0,0.0,0.0,0.0,0.39254138649407283,0.0,0.0,0.0,0.0,0.0,0.0,0.0,0.0,0.0,0.0,0.0,0.0,0.1142483660130719,0.2,0.17757934753779508,0.04448558582385612,0.0027444946551814656,6.1116965226554275e-06,0.01292532541676182,0.17242949285443282,0.14750752241213516,0.10909090909090909,0.10909090909090909,0.13095238095238096,0.3,0.0,0.0,0.0,0.5,0.0,0.0,0.0,0.0,0.0,0.0,0.0,0.5,0.0,0.0,0.0,0.0,0.5,0.0,3wTgyWjqIU4tg25T7qqm9l
0.0,0.0,0.0,0.0,0.0,0.0,0.0,0.0,0.0,0.0,0.0,0.0,0.0,0.0,0.0,0.0,0.0,0.0,0.0,0.0,0.0,0.0,0.0,0.0,0.0,0.7931487035169249,0.0,0.6090280240755929,0.0,0.0,0.0,0.0,0.0,0.0,0.0,0.0,0.0,0.0,0.0,0.0,0.0,0.0,0.1631372549019608,0.09495094520220149,0.1374767925028733,0.011108172441153134,0.10550150834130917,0.00019452054794520549,0.020506965060516098,0.06720627292272671,0.030984582932655047,0.0787878787878788,0.0787878787878788,0.10952380952380952,0.0,0.3,0.0,0.5,0.0,0.0,0.0,0.0,0.0,0.0,0.0,0.5,0.0,0.0,0.0,0.0,0.0,0.0,0.5,4klMH7SD2ypbWvV8GxR452
0.0,0.0,0.0,0.0,0.0,0.0,0.0,0.0,0.0,0.0,0.0,0.0,0.0,0.3829806182961273,0.0,0.0,0.0,0.3463453133176432,0.0,0.0,0.0,0.3829806182961273,0.0,0.0,0.0,0.0,0.0,0.0,0.0,0.0,0.0,0.0,0.0,0.0,0.0,0.3829806182961273,0.3829806182961273,0.3829806182961273,0.3829806182961273,0.0,0.0,0.0,0.16915032679738565,0.12127303182579566,0.17041817699584474,0.02380322665961386,0.06511753754699685,7.207586933614331e-07,0.002466316510618866,0.1398001770583028,0.09154387815243359,0.1393939393939394,0.1393939393939394,0.1738095238095238,0.0,0.3,0.0,0.5,0.0,0.0,0.0,0.0,0.0,0.0,0.0,0.0,0.0,0.5,0.0,0.0,0.0,0.5,0.0,0g4fzRkbLeCDUCoe5iUOcf
0.0,0.0,0.0,0.0,0.0,0.0,0.0,0.0,0.0,0.567009353340442,0.0,0.0,0.5127701579532268,0.0,0.0,0.0,0.0,0.0,0.0,0.0,0.0,0.0,0.0,0.0,0.0,0.0,0.0,0.30670433900016875,0.0,0.0,0.0,0.0,0.0,0.0,0.567009353340442,0.0,0.0,0.0,0.0,0.0,0.0,0.0,0.10588235294117648,0.09399377841588896,0.1321810626823446,0.00856916159746099,0.041492914632324136,0.00012413066385669126,0.013427723224480477,0.00978879473883901,0.11630579768588892,0.10606060606060606,0.10606060606060606,0.1357142857142857,0.3,0.0,0.0,0.0,0.5,0.0,0.0,0.0,0.0,0.5,0.0,0.0,0.0,0.0,0.0,0.0,0.0,0.5,0.0,54chAr0cMNDC81EuDnFIgL
0.0,0.0,0.0,0.5773502691896257,0.0,0.0,0.0,0.0,0.0,0.0,0.0,0.0,0.0,0.0,0.5773502691896257,0.0,0.0,0.0,0.0,0.0,0.0,0.0,0.0,0.0,0.0,0.0,0.0,0.0,0.0,0.0,0.5773502691896257,0.0,0.0,0.0,0.0,0.0,0.0,0.0,0.0,0.0,0.0,0.0,0.13647058823529412,0.10045465422349845,0.16224029705596324,0.13916953186987568,0.02251244835899735,0.0,0.014569536423841057,0.1468825091690907,0.012570958836120007,0.17575757575757578,0.17575757575757578,0.19523809523809524,0.0,0.3,0.0,0.5,0.0,0.0,0.0,0.0,0.0,0.0,0.0,0.5,0.0,0.0,0.0,0.0,0.0,0.5,0.0,5cc9Zbfp9u10sfJeKZ3h16
0.0,0.0,0.0,0.0,0.0,0.0,0.0,0.0,0.0,0.0,0.0,0.0,0.0,0.0,0.0,0.0,0.0,0.0,0.0,0.0,0.0,0.0,0.0,0.0,0.0,0.7931487035169249,0.0,0.6090280240755929,0.0,0.0,0.0,0.0,0.0,0.0,0.0,0.0,0.0,0.0,0.0,0.0,0.0,0.0,0.14169934640522877,0.1416128260349366,0.14863407302625764,0.01692673895794763,0.04209867419423882,1.9620653319283457e-05,0.2,0.16028835209308212,0.03873809597667277,0.0787878787878788,0.0787878787878788,0.05,0.0,0.3,0.0,0.5,0.0,0.5,0.0,0.0,0.0,0.0,0.0,0.0,0.0,0.0,0.0,0.0,0.0,0.5,0.0,5l1TyIIMmF9dl9xKqTwZjr
0.0,0.0,0.0,0.0,0.0,0.0,0.0,0.0,0.0,0.0,0.7319191641347254,0.0,0.0,0.0,0.0,0.0,0.0,0.0,0.0,0.0,0.0,0.0,0.0,0.0,0.0,0.0,0.0,0.43778441462651096,0.0,0.0,0.0,0.0,0.0,0.0,0.0,0.0,0.0,0.0,0.0,0.0,0.5221485837215762,0.0,0.12758169934640526,0.09375448671931084,0.11903456811952967,0.11801110817244116,0.0780404082011768,6.174920969441518e-07,0.062068965517241385,0.0773238902238523,0.01071284548810374,0.0484848484848485,0.0484848484848485,0.12857142857142856,0.0,0.3,0.0,0.5,0.0,0.0,0.0,0.0,0.0,0.0,0.0,0.0,0.0,0.0,0.5,0.0,0.0,0.5,0.0,3yBbbbZNbo4ymn99Y2zoCj
0.5353588710858992,0.0,0.0,0.0,0.0,0.0,0.6532853574811418,0.0,0.0,0.0,0.0,0.0,0.0,0.0,0.0,0.0,0.0,0.0,0.0,0.0,0.0,0.0,0.0,0.0,0.0,0.0,0.0,0.0,0.0,0.5353588710858992,0.0,0.0,0.0,0.0,0.0,0.0,0.0,0.0,0.0,0.0,0.0,0.0,0.05568627450980393,0.03393156257477866,0.10419945186102027,0.00417878868024332,0.196769282336455,0.0017218124341412016,0.03603562457182006,0.02977108890856204,0.007364208828364927,0.19090909090909092,0.19090909090909092,0.0,0.0,0.3,0.0,0.5,0.0,0.0,0.5,0.0,0.0,0.0,0.0,0.0,0.0,0.0,0.0,0.0,0.0,0.0,0.5,2DWf9b143xSKlm7ZWn4nVP
0.5353588710858992,0.0,0.0,0.0,0.0,0.0,0.6532853574811418,0.0,0.0,0.0,0.0,0.0,0.0,0.0,0.0,0.0,0.0,0.0,0.0,0.0,0.0,0.0,0.0,0.0,0.0,0.0,0.0,0.0,0.0,0.5353588710858992,0.0,0.0,0.0,0.0,0.0,0.0,0.0,0.0,0.0,0.0,0.0,0.0,0.035032679738562104,0.04087102177554439,0.11857483865263903,0.006982279820153401,0.18606753007596225,2.5500526870389885e-06,0.029184745375656542,0.00700644998102947,0.0564987436796228,0.19090909090909092,0.19090909090909092,0.1357142857142857,0.0,0.3,0.0,0.5,0.0,0.5,0.0,0.0,0.0,0.0,0.0,0.0,0.0,0.0,0.0,0.0,0.0,0.0,0.5,64u6Y9b4sRGREmG4a6PX9E
0.5353588710858992,0.0,0.0,0.0,0.0,0.0,0.6532853574811418,0.0,0.0,0.0,0.0,0.0,0.0,0.0,0.0,0.0,0.0,0.0,0.0,0.0,0.0,0.0,0.0,0.0,0.0,0.0,0.0,0.0,0.0,0.5353588710858992,0.0,0.0,0.0,0.0,0.0,0.0,0.0,0.0,0.0,0.0,0.0,0.0,0.031895424836601315,0.13945920076573345,0.18317566970205995,0.003015075376884424,0.0004183779374290756,0.0,0.011692167161452383,0.018641709877323897,0.04343301175667713,0.19090909090909092,0.19090909090909092,0.0,0.0,0.3,0.0,0.5,0.0,0.0,0.0,0.0,0.0,0.0,0.0,0.0,0.5,0.0,0.0,0.0,0.0,0.0,0.5,6lMMiFxOnNZBEJFc4UQPwS
0.5353588710858992,0.0,0.0,0.0,0.0,0.0,0.6532853574811418,0.0,0.0,0.0,0.0,0.0,0.0,0.0,0.0,0.0,0.0,0.0,0.0,0.0,0.0,0.0,0.0,0.0,0.0,0.0,0.0,0.0,0.0,0.5353588710858992,0.0,0.0,0.0,0.0,0.0,0.0,0.0,0.0,0.0,0.0,0.0,0.0,0.04470588235294118,0.15884182818856185,0.2,0.0045490610949484285,0.0,0.08914646996838778,0.05750171271979905,0.13069432148728974,0.20000000000000007,0.19090909090909092,0.19090909090909092,0.1523809523809524,0.0,0.3,0.0,0.5,0.0,0.0,0.0,0.0,0.0,0.0,0.0,0.0,0.0,0.0,0.0,0.0,0.5,0.0,0.5,6QqUgSjdtWhqsEdz72XhCD
0.5353588710858992,0.0,0.0,0.0,0.0,0.0,0.6532853574811418,0.0,0.0,0.0,0.0,0.0,0.0,0.0,0.0,0.0,0.0,0.0,0.0,0.0,0.0,0.0,0.0,0.0,0.0,0.0,0.0,0.0,0.0,0.5353588710858992,0.0,0.0,0.0,0.0,0.0,0.0,0.0,0.0,0.0,0.0,0.0,0.0,0.013071895424836605,0.08442211055276383,0.149111484395721,0.0052896059243586376,0.003996397749805146,0.00016080084299262385,0.04699703128568167,0.00801821171114203,0.06870366349226045,0.19090909090909092,0.19090909090909092,0.14761904761904762,0.0,0.3,0.0,0.5,0.0,0.0,0.0,0.0,0.0,0.0,0.0,0.0,0.5,0.0,0.0,0.0,0.0,0.0,0.5,4CwGmNXIrcp04sjG3pajXY
0.28934465190892983,0.0,0.0,0.0,0.0,0.0,0.0,0.0,0.0,0.0,0.0,0.0,0.0,0.0,0.0,0.3530802132300007,0.0,0.4532719670994815,0.0,0.5012176332146666,0.0,0.0,0.0,0.0,0.0,0.0,0.0,0.0,0.0,0.28934465190892983,0.0,0.0,0.0,0.0,0.0,0.0,0.0,0.0,0.0,0.0,0.0,0.5012176332146666,0.040784313725490205,0.055946398659966506,0.14120767394571657,0.00433747685797408,0.16910626234235104,0.0,0.08673213062343002,0.04039458707474391,0.01308589508949345,0.11818181818181822,0.11818181818181822,0.13095238095238096,0.0,0.3,0.0,0.5,0.0,0.0,0.0,0.0,0.0,0.5,0.0,0.0,0.0,0.0,0.0,0.0,0.0,0.0,0.5,7eAbqNTbUidZNkl8BDEQ9K
0.5353588710858992,0.0,0.0,0.0,0.0,0.0,0.6532853574811418,0.0,0.0,0.0,0.0,0.0,0.0,0.0,0.0,0.0,0.0,0.0,0.0,0.0,0.0,0.0,0.0,0.0,0.0,0.0,0.0,0.0,0.0,0.5353588710858992,0.0,0.0,0.0,0.0,0.0,0.0,0.0,0.0,0.0,0.0,0.0,0.0,0.10666666666666669,0.16267049533381192,0.17147025019892143,0.0034382438508331115,0.06632905667082621,4.7629083245521603e-07,0.017857958437999543,0.10438851650436323,0.09503986102925213,0.19090909090909092,0.19090909090909092,0.15714285714285714,0.3,0.0,0.0,0.0,0.5,0.0,0.5,0.0,0.0,0.0,0.0,0.0,0.0,0.0,0.0,0.0,0.0,0.5,0.0,4PUT0cH2iggaje5hTJZeGe
0.0,0.0,0.0,0.0,0.0,0.0,0.0,0.0,0.0,0.0,0.0,0.0,0.0,0.0,0.0,0.0,0.0,0.0,0.0,0.0,0.0,0.0,0.0,0.0,0.8581992998550692,0.0,0.0,0.5133166291172234,0.0,0.0,0.0,0.0,0.0,0.0,0.0,0.0,0.0,0.0,0.0,0.0,0.0,0.0,0.11581699346405228,0.1755922469490309,0.16904782954645922,0.014705104469717005,0.02130092923516798,1.8714436248682826e-05,0.06617949303493949,0.021171114202605295,0.038821850668486535,0.027272727272727282,0.027272727272727282,0.05952380952380953,0.0,0.3,0.0,0.5,0.0,0.0,0.0,0.0,0.0,0.0,0.0,0.5,0.0,0.0,0.0,0.0,0.0,0.5,0.0,7632ILFwchBOWGLhZHPf2i
0.0,0.0,0.0,0.0,0.0,0.0,0.0,0.0,0.0,0.0,0.0,0.0,0.0,0.0,0.0,0.0,0.0,0.0,0.0,0.0,0.0,0.0,0.0,0.0,0.0,0.0,0.0,0.0,0.0,0.0,0.0,0.0,0.0,0.0,0.0,0.0,0.0,0.0,0.0,1.0,0.0,0.0,0.09307189542483661,0.12701603254367075,0.17826894173813104,0.0033324517323459397,0.022916288066940474,0.0,0.02781456953642384,0.008777033008726445,0.10092130160995133,0.07575757575757577,0.07575757575757577,0.12857142857142856,0.0,0.3,0.0,0.5,0.0,0.0,0.5,0.0,0.0,0.0,0.0,0.0,0.0,0.0,0.0,0.0,0.0,0.0,0.5,1JAh2AOLiO3HcUl1A3Ryr6
0.0,0.0,0.0,0.0,0.0,0.0,0.0,0.0,0.0,0.0,0.0,0.0,0.0,0.0,0.0,0.0,0.0,0.0,0.0,0.0,0.0,0.0,0.0,0.0,0.0,0.0,0.0,0.0,0.0,0.0,0.0,0.0,0.0,0.0,0.0,0.0,0.0,0.0,0.0,1.0,0.0,0.0,0.10091503267973856,0.16051687006460877,0.1520024754663602,0.0213171118751653,0.014799109937283695,0.0001612223393045311,0.02827129481616807,0.0,0.030665074293513686,0.14242424242424243,0.14242424242424243,0.11904761904761905,0.3,0.0,0.0,0.0,0.5,0.0,0.0,0.0,0.0,0.5,0.0,0.0,0.0,0.0,0.0,0.0,0.0,0.0,0.5,0BdRpu1JO7F4N9khR5GKz7
0.0,0.0,0.0,0.0,0.0,0.0,0.0,0.0,0.0,0.0,0.0,0.0,0.0,0.0,0.0,0.0,0.0,0.0,0.0,0.0,0.0,0.0,0.0,0.0,0.0,0.0,0.0,0.0,0.0,0.0,0.0,0.0,0.0,1.0,0.0,0.0,0.0,0.0,0.0,0.0,0.0,0.0,0.13830065359477126,0.055946398659966506,0.11922906904782955,0.0022216344882306257,0.16042370862157393,0.0,0.02644439369719115,0.111217908182623,0.04648850699506779,0.08181818181818183,0.08181818181818183,0.04523809523809524,0.0,0.3,0.0,0.5,0.0,0.0,0.0,0.0,0.0,0.0,0.5,0.0,0.0,0.0,0.0,0.0,0.0,0.0,0.5,6kTavS1DM3ImGAAiIWGLPY
0.0,0.0,0.0,0.0,0.0,0.0,0.0,0.0,0.0,0.0,0.0,0.0,0.0,0.0,0.0,0.0,0.0,0.0,0.0,0.0,0.0,0.0,0.0,0.0,0.0,0.0,0.0,0.47023760370310147,0.6814084258070653,0.0,0.0,0.0,0.0,0.0,0.0,0.0,0.0,0.0,0.0,0.0,0.5608557330568192,0.0,0.01830065359477125,0.12581957406078012,0.14543364866059588,0.006294631049986777,0.006015596289520763,0.003203371970495259,0.0,0.02774756544833692,0.11827093091788941,0.0393939393939394,0.0393939393939394,0.03571428571428571,0.3,0.0,0.0,0.0,0.5,0.5,0.0,0.0,0.0,0.0,0.0,0.0,0.0,0.0,0.0,0.0,0.0,0.0,0.5,43uxoEGFbkR51Wm4Gwve5U
0.0,0.0,0.0,0.0,0.0,0.0,0.0,0.0,0.0,0.0,0.0,0.0,0.0,0.0,0.0,0.0,0.0,0.0,0.0,0.0,0.0,0.0,0.0,0.0,0.0,0.0,0.0,0.47023760370310147,0.6814084258070653,0.0,0.0,0.0,0.0,0.0,0.0,0.0,0.0,0.0,0.0,0.0,0.5608557330568192,0.0,0.09882352941176471,0.12055515673606128,0.1498099195473433,0.005078021687384288,0.0679444155025987,0.0008493150684931507,0.055674811600822105,0.022182875932717852,0.07902255172627728,0.0393939393939394,0.0393939393939394,0.08333333333333333,0.0,0.3,0.0,0.5,0.0,0.0,0.0,0.0,0.0,0.0,0.0,0.0,0.5,0.0,0.0,0.0,0.0,0.5,0.0,6nw0sXQqDNCQx2IN6ZyJqX
0.0,0.0,0.0,0.0,0.0,0.0,0.0,0.0,0.0,0.0,0.0,0.0,0.0,0.0,0.0,0.0,0.0,0.0,0.0,0.0,0.0,0.0,0.0,0.0,0.0,0.0,0.0,0.47023760370310147,0.6814084258070653,0.0,0.0,0.0,0.0,0.0,0.0,0.0,0.0,0.0,0.0,0.0,0.5608557330568192,0.0,0.10274509803921571,0.15262024407753053,0.15872159844399258,0.019571541920126948,0.020291329965310172,0.0,0.1406257136332496,0.06164158340710764,0.0,0.0393939393939394,0.0393939393939394,0.12857142857142856,0.0,0.3,0.0,0.5,0.0,0.0,0.0,0.0,0.0,0.0,0.0,0.0,0.0,0.0,0.5,0.0,0.0,0.5,0.0,3CLlelB1UWvrGYCyvdAA4B
0.0,0.0,0.0,0.0,0.0,0.0,0.0,0.0,0.0,0.0,0.0,0.7231078526100562,0.0,0.0,0.0,0.0,0.0,0.0,0.0,0.0,0.0,0.0,0.0,0.0,0.0,0.5093896500614487,0.0,0.0,0.0,0.0,0.0,0.0,0.0,0.0,0.0,0.0,0.0,0.0,0.0,0.0,0.46651604249366174,0.0,0.17751633986928106,0.1873175400813592,0.18394483246397314,0.1158952658026977,0.05623306397224814,0.0,0.022790591459237272,0.2,0.08520023575394733,0.10909090909090909,0.10909090909090909,0.1380952380952381,0.0,0.3,0.0,0.5,0.0,0.0,0.5,0.0,0.0,0.0,0.0,0.0,0.0,0.0,0.0,0.0,0.0,0.0,0.5,3M3pYKNo0RqLBMH80vwL8Q
0.0,0.0,0.0,0.0,0.0,0.0,0.0,0.0,0.0,0.0,0.0,0.0,0.0,0.0,0.0,1.0,0.0,0.0,0.0,0.0,0.0,0.0,0.0,0.0,0.0,0.0,0.0,0.0,0.0,0.0,0.0,0.0,0.0,0.0,0.0,0.0,0.0,0.0,0.0,0.0,0.0,0.0,0.10980392156862746,0.13228044986838958,0.14645919900981347,0.0,0.08308840455046583,0.12286617492096943,0.040602877369262394,0.11855318072593908,0.10489499643267056,0.06363636363636364,0.06363636363636364,0.09761904761904762,0.0,0.3,0.0,0.5,0.0,0.0,0.0,0.0,0.5,0.0,0.0,0.0,0.0,0.0,0.0,0.0,0.0,0.0,0.5,1vyaeOV5TqHDFK7ugi05Sk
0.0,0.0,0.39234568547182697,0.0,0.39234568547182697,0.0,0.0,0.0,0.39234568547182697,0.0,0.0,0.0,0.0,0.0,0.0,0.27638592321218797,0.39234568547182697,0.0,0.0,0.0,0.0,0.0,0.0,0.0,0.0,0.0,0.0,0.0,0.0,0.0,0.0,0.39234568547182697,0.39234568547182697,0.0,0.0,0.0,0.0,0.0,0.0,0.0,0.0,0.0,0.08915032679738562,0.09566882029193587,0.15202899832021927,0.005078021687384288,0.1117610238144276,2.4657534246575342e-05,0.05795843799954328,0.0065005691159731906,0.06344417904891897,0.1484848484848485,0.1484848484848485,0.1357142857142857,0.0,0.3,0.0,0.5,0.0,0.0,0.0,0.0,0.0,0.0,0.5,0.0,0.0,0.0,0.0,0.0,0.0,0.0,0.5,2GEs9D56FRHqUAEwvlvBpw
0.0,0.0,0.0,0.0,0.0,0.0,0.0,0.0,0.0,0.0,0.0,0.0,0.0,0.0,0.0,0.5758986034845345,0.0,0.0,0.0,0.0,0.817521130310748,0.0,0.0,0.0,0.0,0.0,0.0,0.0,0.0,0.0,0.0,0.0,0.0,0.0,0.0,0.0,0.0,0.0,0.0,0.0,0.0,0.0,0.11895424836601308,0.18659966499162484,0.18657943594730794,0.010050251256281409,0.07299241185188775,1.915700737618546e-05,0.049280657684402845,0.10438851650436323,0.0666237553122189,0.0787878787878788,0.0787878787878788,0.12857142857142856,0.3,0.0,0.5,0.0,0.0,0.0,0.0,0.5,0.0,0.0,0.0,0.0,0.0,0.0,0.0,0.0,0.0,0.0,0.5,55LDOljPVryLbJbHQKmSIN
0.0,1.0,0.0,0.0,0.0,0.0,0.0,0.0,0.0,0.0,0.0,0.0,0.0,0.0,0.0,0.0,0.0,0.0,0.0,0.0,0.0,0.0,0.0,0.0,0.0,0.0,0.0,0.0,0.0,0.0,0.0,0.0,0.0,0.0,0.0,0.0,0.0,0.0,0.0,0.0,0.0,0.0,0.14718954248366012,0.060732232591529094,0.15588365308107155,0.03194921978312616,0.17274081971383917,0.0,0.02644439369719115,0.033565195396484136,0.015275925179142003,0.1636363636363637,0.1636363636363637,0.14761904761904762,0.0,0.3,0.5,0.0,0.0,0.0,0.0,0.5,0.0,0.0,0.0,0.0,0.0,0.0,0.0,0.0,0.0,0.0,0.5,1G9YZPtxUGfl1yVw7kq4yc
0.0,0.0,0.0,0.0,0.0,0.0,0.0,0.0,0.0,0.0,0.0,0.0,0.0,0.0,0.0,0.0,0.0,0.0,0.0,0.0,0.0,0.0,0.0,0.0,0.0,0.0,0.5316553414280872,0.4810560441134487,0.6970851313526231,0.0,0.0,0.0,0.0,0.0,0.0,0.0,0.0,0.0,0.0,0.0,0.0,0.0,0.1257516339869281,0.13156257477865518,0.16445937582883918,0.00010579211848717463,0.12751077242420936,3.709167544783983e-05,0.0648093171957068,0.10717086126217278,0.031065235598846042,0.08787878787878789,0.08787878787878789,0.1261904761904762,0.0,0.3,0.0,0.5,0.0,0.0,0.0,0.0,0.0,0.0,0.0,0.5,0.0,0.0,0.0,0.0,0.0,0.0,0.5,2dLS3wolNYLQoffbjUYoQy
0.7071067811865475,0.0,0.0,0.0,0.0,0.0,0.0,0.0,0.0,0.0,0.0,0.0,0.0,0.0,0.0,0.0,0.0,0.0,0.0,0.0,0.0,0.0,0.0,0.0,0.0,0.0,0.0,0.0,0.0,0.7071067811865475,0.0,0.0,0.0,0.0,0.0,0.0,0.0,0.0,0.0,0.0,0.0,0.0,0.045751633986928116,0.08107202680067002,0.1365484926178057,0.0154985453583708,0.13599140629101497,0.0003371970495258167,0.01105275176981046,0.008777033008726445,0.12107671309365019,0.2,0.2,0.16666666666666666,0.0,0.3,0.0,0.5,0.0,0.0,0.5,0.0,0.0,0.0,0.0,0.0,0.0,0.0,0.0,0.0,0.0,0.0,0.5,5ihBtaVVMqO5VqJA5wnmfy
